<?xml version="1.0" encoding="utf-8"?>
<!--/15904866/1324675/2.50/4/4/Crystal or Oscillator/-->
<quadcept_library>
  <setting unit="mil" />
  <textstyle name="Default" height="47.244094488189" strokewidth="7.8740157480315" charwidth="47.244094488189" />
  <textstyle name="Dimension" height="19.6850393700787" strokewidth="0" charwidth="19.6850393700787" />
  <textstyle name="H127W0635TH00762" height="50" strokewidth="3" charwidth="25" />
  <textstyle name="H15W15TH02" height="59.0551181102362" strokewidth="7.8740157480315" charwidth="59.0551181102362" />
  <padstyle name="r90_80" surface="True" plated="False" isvia="False" nopaste="False" nomask="True" complex="False" holesize="0">
    <padshape layer="TOP" shape="rectangle" width="31.496062992126" height="35.433070866141" />
    <padshape layer="TOP_SOLDER_MASK" shape="rectangle" width="39.370078740157" height="43.307086614173" />
    <padshape layer="TOP_SOLDER_PASTE" shape="rectangle" width="31.496062992126" height="35.433070866141" />
  </padstyle>
  <footprint name="ECS2033250BNTR3" originx="0" originy="0" pickpointx="0" pickpointy="0">
    <pcbpin number="1" name="1" style="r90_80" originx="-36.417322834645" originy="-28.543307086614" rotation="90" />
    <pcbpin number="2" name="2" style="r90_80" originx="36.417322834645" originy="-28.543307086614" rotation="90" />
    <pcbpin number="3" name="3" style="r90_80" originx="36.417322834645" originy="28.543307086614" rotation="90" />
    <pcbpin number="4" name="4" style="r90_80" originx="-36.417322834645" originy="28.543307086614" rotation="90" />
    <line layer="TOP_ASSEMBLY" originx="-49.212598425196" originy="-39.370078740157" endx="49.212598425196" endy="-39.370078740157" width="3.9370078740157" />
    <line layer="TOP_ASSEMBLY" originx="49.212598425196" originy="-39.370078740157" endx="49.212598425196" endy="39.370078740157" width="3.9370078740157" />
    <line layer="TOP_ASSEMBLY" originx="49.212598425196" originy="39.370078740157" endx="-49.212598425196" endy="39.370078740157" width="3.9370078740157" />
    <line layer="TOP_ASSEMBLY" originx="-49.212598425196" originy="39.370078740157" endx="-49.212598425196" endy="-39.370078740157" width="3.9370078740157" />
    <line layer="TOP_PLACE_BOUND" originx="-93.503937007873" originy="83.661417322834" endx="93.503937007873" endy="83.661417322834" width="3.9370078740157" />
    <line layer="TOP_PLACE_BOUND" originx="93.503937007873" originy="83.661417322834" endx="93.503937007873" endy="-83.661417322834" width="3.9370078740157" />
    <line layer="TOP_PLACE_BOUND" originx="93.503937007873" originy="-83.661417322834" endx="-93.503937007873" endy="-83.661417322834" width="3.9370078740157" />
    <line layer="TOP_PLACE_BOUND" originx="-93.503937007873" originy="-83.661417322834" endx="-93.503937007873" endy="83.661417322834" width="3.9370078740157" />
    <line layer="TOP_SILKSCREEN" originx="-78.740157480314" originy="-28.543307086614" endx="-78.740157480314" endy="-28.543307086614" width="3.9370078740157" />
    <arc layer="TOP_SILKSCREEN" originx="-76.771653543306" originy="-28.543307086614" startangle="180.0" sweepangle="180.0" radius="1.9685039370078" width="3.9370078740157" />
    <line layer="TOP_SILKSCREEN" originx="-74.803149606298" originy="-28.543307086614" endx="-74.803149606298" endy="-28.543307086614" width="3.9370078740157" />
    <arc layer="TOP_SILKSCREEN" originx="-76.771653543306" originy="-28.543307086614" startangle=".0" sweepangle="180.0" radius="1.9685039370078" width="3.9370078740157" />
    <line layer="TOP_SILKSCREEN" originx="-7.8740157480314" originy="39.370078740157" endx="7.8740157480314" endy="39.370078740157" width="7.8740157480314" />
    <line layer="TOP_SILKSCREEN" originx="-7.8740157480314" originy="-39.370078740157" endx="7.8740157480314" endy="-39.370078740157" width="7.8740157480314" />
  </footprint>
  <symbol name="ECS-2033-250-BN-TR3" originx="0" originy="0">
    <line originx="200" originy="100" endx="1300" endy="100" width="0" />
    <line originx="1300" originy="-200" endx="1300" endy="100" width="0" />
    <line originx="1300" originy="-200" endx="200" endy="-200" width="0" />
    <line originx="200" originy="100" endx="200" endy="-200" width="0" />
    <sympin number="1" originx="200" originy="-100" rotation="180" length="100" width="7.8740157480315" flipped="False">
      <text name="pinname" originx="230" originy="-100" style="Default" rotation="0" justify="left" flipped="False" hidden="False" data="TRI-STATE" />
      <text name="pindes" originx="140" originy="-80" style="Default" rotation="0" justify="lowerright" flipped="False" hidden="False" data="1" />
    </sympin>
    <sympin number="2" originx="1300" originy="-100" rotation="0" length="100" width="7.8740157480315" flipped="False">
      <text name="pinname" originx="1270" originy="-100" style="Default" rotation="0" justify="right" flipped="False" hidden="False" data="GROUND" />
      <text name="pindes" originx="1360" originy="-80" style="Default" rotation="0" justify="lowerleft" flipped="False" hidden="False" data="2" />
    </sympin>
    <sympin number="3" originx="1300" originy="0" rotation="0" length="100" width="7.8740157480315" flipped="False">
      <text name="pinname" originx="1270" originy="0" style="Default" rotation="0" justify="right" flipped="False" hidden="False" data="OUTPUT" />
      <text name="pindes" originx="1360" originy="20" style="Default" rotation="0" justify="lowerleft" flipped="False" hidden="False" data="3" />
    </sympin>
    <sympin number="4" originx="200" originy="0" rotation="180" length="100" width="7.8740157480315" flipped="False">
      <text name="pinname" originx="230" originy="0" style="Default" rotation="0" justify="left" flipped="False" hidden="False" data="VDD" />
      <text name="pindes" originx="140" originy="20" style="Default" rotation="0" justify="lowerright" flipped="False" hidden="False" data="4" />
    </sympin>
  </symbol>
  <component name="ECS-2033-250-BN-TR3" designatorprefix="Y" height="39.370078740157" footprint="ECS2033250BNTR3">
    <comppin designator="1" sympin="1" pinswap="0" gateswap="0" gate="1" group="1" side="" type="Any" name="TRI-STATE" />
    <comppin designator="2" sympin="2" pinswap="0" gateswap="0" gate="1" group="1" side="" type="Any" name="GROUND" />
    <comppin designator="3" sympin="3" pinswap="0" gateswap="0" gate="1" group="1" side="" type="Any" name="OUTPUT" />
    <comppin designator="4" sympin="4" pinswap="0" gateswap="0" gate="1" group="1" side="" type="Any" name="VDD" />
    <attached_symbol gate="1" name="ECS-2033-250-BN-TR3" />
    <pinmap designator="1" footprintpin="1" />
    <pinmap designator="2" footprintpin="2" />
    <pinmap designator="3" footprintpin="3" />
    <pinmap designator="4" footprintpin="4" />
    <text name="Datasheet" originx="0" originy="0" style="Default" rotation="0" justify="" flipped="False" hidden="True" data="https://www.mouser.sg/datasheet/2/122/ecs_2025_2033-2584417.pdf" />
    <text name="Description" originx="0" originy="0" style="Default" rotation="0" justify="" flipped="False" hidden="True" data="Standard Clock Oscillators 25.00MHz, 3.3V, 2.5x2.0mm SMD OSC, +/-50PPM, -40C to +85C" />
    <text name="Manufacturer_Name" originx="0" originy="0" style="Default" rotation="0" justify="" flipped="False" hidden="True" data="ECS" />
    <text name="Manufacturer_Part_Number" originx="1350" originy="200" style="Default" rotation="0" justify="left" flipped="False" hidden="False" data="ECS-2033-250-BN-TR3" />
    <text name="Mouser Part Number" originx="0" originy="0" style="Default" rotation="0" justify="" flipped="False" hidden="True" data="520-ECS-2033250BNTR3" />
    <text name="Mouser Price/Stock" originx="0" originy="0" style="Default" rotation="0" justify="" flipped="False" hidden="True" data="https://www.mouser.co.uk/ProductDetail/ECS/ECS-2033-250-BN-TR3?qs=XAiT9M5g4x%252BKrERttTD0%2FA%3D%3D" />
    <text name="Arrow Part Number" originx="0" originy="0" style="Default" rotation="0" justify="" flipped="False" hidden="True" data="" />
    <text name="Arrow Price/Stock" originx="0" originy="0" style="Default" rotation="0" justify="" flipped="False" hidden="True" data="" />
  </component>
</quadcept_library>
